sim,n_respondents,pct_categories_met,mean_time,pct_over_budget,min_qualified,total_assignments
0,2000,29.87012987012987,355.66939685221007,23.7,0,26538
0,2500,44.15584415584416,355.802088763816,23.52,0,31350
0,3000,53.246753246753244,357.72897451927327,24.46666666666667,0,35124
0,3500,62.33766233766234,355.69190502434003,23.914285714285715,0,38247
0,4000,70.12987012987013,356.10356851035,22.8,0,41748
0,4500,80.51948051948052,356.56554592323334,22.933333333333334,0,44629
0,5000,87.01298701298701,358.843703796086,20.880000000000003,0,47285
0,5500,98.7012987012987,357.94675375975635,19.69090909090909,65,50860
0,6000,100.0,357.5226122090734,20.166666666666664,205,57793
0,6500,100.0,355.8752642276631,20.307692307692307,201,65293
0,7000,100.0,356.60102399228714,21.15714285714286,205,72793
0,7500,100.0,356.51576450209194,20.733333333333334,204,80293
0,8000,100.0,356.87719397182497,21.0125,203,87793
0,8500,98.7012987012987,357.17399605076355,21.41176470588235,197,95293
0,9000,100.0,357.60194987204994,21.81111111111111,208,102793
0,9500,100.0,356.1071830643516,21.294736842105262,201,110293
0,10000,100.0,357.506732852452,21.990000000000002,209,117793
0,10500,100.0,357.75390932065716,21.666666666666668,207,125293
0,11000,100.0,359.41881800602545,22.627272727272725,208,132793
0,11500,100.0,360.2433515385061,23.130434782608695,211,140293
0,12000,100.0,357.8597822079075,21.983333333333334,206,147793
1,2000,31.16883116883117,348.14294855593005,21.8,0,26538
1,2500,41.55844155844156,346.87347188842,22.12,0,31350
1,3000,53.246753246753244,349.65993771034,22.833333333333332,0,35124
1,3500,62.33766233766234,347.7336263505714,21.571428571428573,0,38247
1,4000,68.83116883116884,349.31485406839744,21.4,0,41748
1,4500,80.51948051948052,351.0638227979534,21.022222222222222,0,44629
1,5000,87.01298701298701,353.81200367357,20.72,0,47285
1,5500,98.7012987012987,348.9626628794927,18.6,63,50860
1,6000,100.0,350.6448323169133,19.383333333333333,201,57793
1,6500,98.7012987012987,353.30971946716153,19.707692307692305,187,65293
1,7000,98.7012987012987,350.00543620897,19.385714285714286,199,72793
1,7500,100.0,351.86519907226005,20.173333333333332,201,80293
1,8000,100.0,353.29640303500497,20.3125,204,87793
1,8500,100.0,353.58440342941174,20.811764705882354,205,95293
1,9000,97.40259740259741,350.80934977302667,20.8,198,102793
1,9500,100.0,353.14514710970104,20.873684210526317,202,110293
1,10000,98.7012987012987,354.14507305917,21.16,194,117793
1,10500,100.0,352.8007923872058,21.4,207,125293
1,11000,98.7012987012987,352.95078372980004,21.527272727272727,196,132793
1,11500,98.7012987012987,353.9677174393721,21.530434782608694,199,140293
1,12000,98.7012987012987,353.27227858718254,21.741666666666667,194,147793
2,2000,31.16883116883117,358.31210794553,24.85,0,26538
2,2500,44.15584415584416,356.773865887284,23.400000000000002,0,31350
2,3000,54.54545454545454,359.5939626840367,25.466666666666665,0,35124
2,3500,62.33766233766234,358.45596700863143,24.114285714285714,0,38247
2,4000,68.83116883116884,359.6351035344875,22.6,0,41748
2,4500,79.22077922077922,356.14284897170444,21.511111111111113,0,44629
2,5000,87.01298701298701,360.746608166828,20.880000000000003,0,47285
2,5500,98.7012987012987,359.3781062689818,19.90909090909091,64,50860
2,6000,100.0,360.17008515148996,20.733333333333334,206,57793
2,6500,100.0,358.82850568933384,20.43076923076923,202,65293
2,7000,100.0,358.43340682050285,20.842857142857145,203,72793
2,7500,100.0,359.0781949667187,21.16,202,80293
2,8000,100.0,357.32248278938124,22.075,210,87793
2,8500,100.0,358.06601612819406,21.88235294117647,205,95293
2,9000,100.0,357.4243229150922,21.2,209,102793
2,9500,100.0,358.7174356632305,22.431578947368422,204,110293
2,10000,100.0,357.321527533879,21.94,207,117793
2,10500,100.0,359.5915943319676,22.63809523809524,203,125293
2,11000,100.0,358.2834838393546,22.472727272727273,211,132793
2,11500,100.0,357.8631232217965,22.8,206,140293
2,12000,100.0,359.3270425595816,23.141666666666666,202,147793
3,2000,31.16883116883117,356.87761018198995,24.65,0,26538
3,2500,42.857142857142854,354.43675492248394,23.48,0,31350
3,3000,54.54545454545454,358.4290041712566,23.200000000000003,0,35124
3,3500,62.33766233766234,357.03024505894,23.57142857142857,0,38247
3,4000,70.12987012987013,357.0142345410675,23.125,0,41748
3,4500,80.51948051948052,356.03330463517335,22.2,0,44629
3,5000,85.71428571428571,356.269236775984,20.599999999999998,0,47285
3,5500,98.7012987012987,356.47125460653274,19.945454545454545,64,50860
3,6000,100.0,355.76069695876834,19.53333333333333,202,57793
3,6500,100.0,355.84729062312,20.784615384615385,202,65293
3,7000,100.0,355.9784562982029,20.442857142857143,205,72793
3,7500,100.0,355.1105416604253,20.76,213,80293
3,8000,100.0,357.47319383749505,21.775,208,87793
3,8500,100.0,356.65966929747884,21.30588235294118,204,95293
3,9000,100.0,356.2559557639111,21.544444444444444,202,102793
3,9500,100.0,356.52659009864317,21.821052631578947,201,110293
3,10000,100.0,357.264624628089,21.88,205,117793
3,10500,98.7012987012987,356.72792525383716,21.80952380952381,196,125293
3,11000,100.0,358.59741710346634,22.290909090909093,214,132793
3,11500,100.0,358.9852742357069,22.782608695652172,210,140293
3,12000,100.0,358.73526677178586,22.491666666666667,202,147793
4,2000,32.467532467532465,359.3398225799,25.0,0,26538
4,2500,44.15584415584416,358.19863305646,24.759999999999998,0,31350
4,3000,54.54545454545454,355.36457232735336,22.233333333333334,0,35124
4,3500,62.33766233766234,355.0323085961829,23.228571428571428,0,38247
4,4000,68.83116883116884,357.49269186289996,22.8,0,41748
4,4500,80.51948051948052,357.50886933310886,22.177777777777777,0,44629
4,5000,88.31168831168831,360.180876384792,21.44,0,47285
4,5500,98.7012987012987,357.43811374422546,20.363636363636363,63,50860
4,6000,100.0,358.6296258165917,20.316666666666666,206,57793
4,6500,100.0,357.3706576093493,19.93846153846154,207,65293
4,7000,100.0,357.3572995883528,21.314285714285713,209,72793
4,7500,100.0,358.95205466495065,21.546666666666667,214,80293
4,8000,100.0,357.242180923415,21.2875,208,87793
4,8500,100.0,356.4295000111412,21.623529411764704,201,95293
4,9000,100.0,357.3748110058688,21.944444444444443,203,102793
4,9500,100.0,355.7240487777263,21.66315789473684,205,110293
4,10000,100.0,358.888606601355,22.439999999999998,206,117793
4,10500,100.0,357.0392422526848,22.057142857142857,210,125293
4,11000,100.0,357.2448549940291,22.618181818181817,205,132793
4,11500,100.0,354.7199314289704,21.791304347826088,204,140293
4,12000,98.7012987012987,355.3091830361758,21.9,199,147793
5,2000,32.467532467532465,361.488474828065,24.8,0,26538
5,2500,44.15584415584416,360.564890031304,24.64,0,31350
5,3000,53.246753246753244,355.02423601959663,24.366666666666667,0,35124
5,3500,62.33766233766234,357.46402314115716,23.599999999999998,0,38247
5,4000,70.12987012987013,361.62928655797253,24.275,0,41748
5,4500,80.51948051948052,357.68132671626887,22.466666666666665,0,44629
5,5000,88.31168831168831,355.384118922376,20.68,0,47285
5,5500,98.7012987012987,356.55990140544367,19.254545454545454,62,50860
5,6000,100.0,357.76437777569004,20.116666666666667,200,57793
5,6500,97.40259740259741,356.2294007439907,19.876923076923077,191,65293
5,7000,98.7012987012987,356.50837393920574,21.014285714285712,191,72793
5,7500,100.0,357.638905449652,21.413333333333334,204,80293
5,8000,100.0,355.56067704853876,21.587500000000002,203,87793
5,8500,100.0,357.8997759376012,21.635294117647057,205,95293
5,9000,100.0,358.0356613304578,21.944444444444443,211,102793
5,9500,100.0,356.6973769578863,21.336842105263155,205,110293
5,10000,100.0,355.59708966239197,22.05,205,117793
5,10500,100.0,355.0416298143371,21.495238095238093,206,125293
5,11000,100.0,354.98258347262635,21.990909090909092,204,132793
5,11500,100.0,355.0892673065548,21.843478260869563,206,140293
5,12000,100.0,356.9366395822692,22.675,208,147793
6,2000,31.16883116883117,356.7307161934549,24.45,0,26538
6,2500,42.857142857142854,355.758969485628,23.599999999999998,0,31350
6,3000,54.54545454545454,352.0495266917833,23.200000000000003,0,35124
6,3500,62.33766233766234,355.09341877550287,22.82857142857143,0,38247
6,4000,70.12987012987013,356.79012866614505,22.575,0,41748
6,4500,80.51948051948052,355.4421631103222,22.711111111111112,0,44629
6,5000,88.31168831168831,357.802515148364,21.560000000000002,0,47285
6,5500,98.7012987012987,356.4974142993709,19.490909090909092,60,50860
6,6000,100.0,353.92515229571836,19.6,211,57793
6,6500,100.0,354.98409033516305,19.96923076923077,206,65293
6,7000,100.0,356.58563086572997,21.085714285714285,212,72793
6,7500,100.0,356.30055062284134,21.240000000000002,211,80293
6,8000,100.0,355.78972459664254,20.9875,210,87793
6,8500,100.0,356.86534702765294,21.50588235294118,205,95293
6,9000,98.7012987012987,356.0522825061667,22.1,194,102793
6,9500,100.0,357.3680281198369,21.768421052631577,204,110293
6,10000,100.0,357.720583124107,22.21,209,117793
6,10500,100.0,358.6859348983705,21.80952380952381,201,125293
6,11000,100.0,358.42904328657545,22.336363636363636,209,132793
6,11500,100.0,355.91597507329476,22.14782608695652,203,140293
6,12000,100.0,357.3617908263883,22.05,203,147793
7,2000,31.16883116883117,358.15402237073505,24.9,0,26538
7,2500,44.15584415584416,361.83671740354004,24.8,0,31350
7,3000,51.94805194805194,356.95317045503003,23.866666666666667,0,35124
7,3500,61.038961038961034,358.6933520981629,23.285714285714285,0,38247
7,4000,70.12987012987013,356.914859041185,23.125,0,41748
7,4500,79.22077922077922,360.9038838112822,22.333333333333332,0,44629
7,5000,88.31168831168831,361.154044689886,21.92,0,47285
7,5500,98.7012987012987,355.5813800902054,19.10909090909091,67,50860
7,6000,100.0,358.7170549798067,20.266666666666666,211,57793
7,6500,100.0,359.2427107251616,20.661538461538463,211,65293
7,7000,98.7012987012987,356.90567357545854,20.65714285714286,194,72793
7,7500,100.0,357.1493296576253,21.093333333333334,211,80293
7,8000,100.0,354.88812216834003,20.925,205,87793
7,8500,100.0,357.3162035959753,21.670588235294115,211,95293
7,9000,100.0,356.3020056246811,21.46666666666667,215,102793
7,9500,97.40259740259741,355.0839086627158,20.978947368421053,196,110293
7,10000,100.0,354.95353721649104,21.72,200,117793
7,10500,100.0,356.77476231211426,21.619047619047617,206,125293
7,11000,100.0,357.6447572150236,22.590909090909093,203,132793
7,11500,100.0,357.74379256327654,22.321739130434786,202,140293
7,12000,100.0,358.2533606830874,22.35,211,147793
8,2000,29.87012987012987,350.1288506681,24.15,0,26538
8,2500,44.15584415584416,356.445244406072,24.32,0,31350
8,3000,54.54545454545454,362.02860997347,25.7,0,35124
8,3500,62.33766233766234,357.26670924488855,22.97142857142857,0,38247
8,4000,70.12987012987013,358.97508242607495,23.925,0,41748
8,4500,81.81818181818183,359.38110205396225,22.711111111111112,0,44629
8,5000,88.31168831168831,358.412397696208,21.7,0,47285
8,5500,98.7012987012987,359.00610685790184,21.236363636363638,60,50860
8,6000,100.0,358.96591910043173,21.016666666666666,204,57793
8,6500,100.0,360.6770038286892,21.06153846153846,206,65293
8,7000,100.0,359.26713237607146,21.242857142857144,217,72793
8,7500,100.0,358.96854431760397,21.493333333333332,204,80293
8,8000,100.0,357.7754951116238,20.9,214,87793
8,8500,100.0,358.94608400353053,22.341176470588238,201,95293
8,9000,100.0,359.2739088472666,22.03333333333333,215,102793
8,9500,100.0,358.3122325168705,22.08421052631579,208,110293
8,10000,100.0,359.50536220295504,22.32,211,117793
8,10500,100.0,358.9718946496086,22.20952380952381,209,125293
8,11000,100.0,357.8891998761718,22.645454545454548,205,132793
8,11500,100.0,360.3247116542061,23.243478260869566,207,140293
8,12000,100.0,359.7002127096375,22.983333333333334,207,147793
9,2000,31.16883116883117,357.77577431668004,23.95,0,26538
9,2500,44.15584415584416,359.048992470404,24.48,0,31350
9,3000,54.54545454545454,355.7363054334667,22.53333333333333,0,35124
9,3500,62.33766233766234,358.87290108153144,24.0,0,38247
9,4000,70.12987012987013,357.05089811017746,23.075000000000003,0,41748
9,4500,80.51948051948052,357.0256110921289,22.22222222222222,0,44629
9,5000,88.31168831168831,355.972125083974,20.580000000000002,0,47285
9,5500,98.7012987012987,355.04881089208544,18.981818181818184,65,50860
9,6000,100.0,356.08707481487994,19.416666666666664,203,57793
9,6500,100.0,356.96048304993997,20.200000000000003,203,65293
9,7000,98.7012987012987,357.18091314055573,20.742857142857144,199,72793
9,7500,100.0,357.92065412035197,21.36,203,80293
9,8000,100.0,359.23134384383997,21.125,204,87793
9,8500,100.0,359.8491770062412,22.400000000000002,213,95293
9,9000,98.7012987012987,357.74103399717546,22.03333333333333,194,102793
9,9500,100.0,358.98366671718424,21.894736842105264,215,110293
9,10000,100.0,357.86444398438704,22.58,202,117793
9,10500,100.0,356.6502597606676,21.914285714285715,201,125293
9,11000,100.0,358.86250942342,22.427272727272726,203,132793
9,11500,100.0,358.14335002235305,22.40869565217391,208,140293
9,12000,98.7012987012987,358.2654636024967,22.400000000000002,197,147793
10,2000,32.467532467532465,359.65722109341,24.2,0,26538
10,2500,44.15584415584416,360.499727813344,24.32,0,31350
10,3000,53.246753246753244,358.85146790079665,24.266666666666666,0,35124
10,3500,62.33766233766234,357.67681419022574,23.17142857142857,0,38247
10,4000,70.12987012987013,358.547217633095,23.599999999999998,0,41748
10,4500,79.22077922077922,360.0579691957067,22.6,0,44629
10,5000,88.31168831168831,355.946203495734,20.66,0,47285
10,5500,98.7012987012987,354.73882340324,19.654545454545456,68,50860
10,6000,100.0,356.90385880864505,20.133333333333333,207,57793
10,6500,100.0,358.20884175430155,20.123076923076923,200,65293
10,7000,100.0,358.4561888157686,21.228571428571428,208,72793
10,7500,100.0,357.24963431151605,21.066666666666666,209,80293
10,8000,100.0,357.138095965295,21.0375,206,87793
10,8500,100.0,357.9688934841059,21.529411764705884,213,95293
10,9000,100.0,358.32005691953333,22.011111111111113,204,102793
10,9500,100.0,358.4195809644063,21.852631578947367,210,110293
10,10000,100.0,359.25996525670195,22.15,207,117793
10,10500,100.0,359.14209578735336,22.504761904761907,201,125293
10,11000,98.7012987012987,358.0748091351782,22.236363636363638,199,132793
10,11500,100.0,359.32288420390785,22.57391304347826,201,140293
10,12000,100.0,356.9510459836566,22.433333333333334,211,147793
11,2000,31.16883116883117,360.443068872425,26.1,0,26538
11,2500,44.15584415584416,363.20970961361996,26.119999999999997,0,31350
11,3000,53.246753246753244,357.44736953482,23.400000000000002,0,35124
11,3500,62.33766233766234,357.2646118120372,23.914285714285715,0,38247
11,4000,70.12987012987013,357.2047255870175,23.05,0,41748
11,4500,80.51948051948052,356.96928666044,22.68888888888889,0,44629
11,5000,88.31168831168831,355.943480888016,20.5,0,47285
11,5500,98.7012987012987,358.21316132808727,20.49090909090909,65,50860
11,6000,100.0,355.18139083588494,19.516666666666666,209,57793
11,6500,100.0,355.0482358338015,19.93846153846154,204,65293
11,7000,100.0,356.44262156039855,20.87142857142857,207,72793
11,7500,100.0,356.385711818912,21.16,202,80293
11,8000,98.7012987012987,357.15085309143376,21.212500000000002,199,87793
11,8500,100.0,357.00048217887297,20.694117647058825,207,95293
11,9000,100.0,356.1997433348522,21.544444444444444,205,102793
11,9500,100.0,356.39183215221476,21.54736842105263,202,110293
11,10000,98.7012987012987,356.380322480381,21.65,199,117793
11,10500,100.0,356.7548602094733,21.942857142857143,200,125293
11,11000,100.0,355.16660532860726,22.209090909090907,211,132793
11,11500,100.0,356.0283933405,22.330434782608695,208,140293
11,12000,96.1038961038961,353.37407766692667,22.066666666666666,196,147793
12,2000,31.16883116883117,354.53609187453,23.9,0,26538
12,2500,44.15584415584416,356.730553405756,23.919999999999998,0,31350
12,3000,54.54545454545454,359.15597008552,24.633333333333333,0,35124
12,3500,62.33766233766234,356.68615898049995,23.599999999999998,0,38247
12,4000,68.83116883116884,355.23915360715,22.7,0,41748
12,4500,80.51948051948052,356.6606459506178,21.73333333333333,0,44629
12,5000,88.31168831168831,354.273569150914,20.36,0,47285
12,5500,97.40259740259741,355.85323732468726,19.87272727272727,63,50860
12,6000,100.0,356.2703345119533,20.183333333333334,205,57793
12,6500,100.0,354.5528159781216,19.56923076923077,208,65293
12,7000,100.0,355.6465908536157,20.32857142857143,201,72793
12,7500,98.7012987012987,354.54973098991866,20.533333333333335,191,80293
12,8000,100.0,354.12077641013127,20.5875,208,87793
12,8500,100.0,354.9279841126635,20.847058823529412,203,95293
12,9000,98.7012987012987,355.7197172534467,21.11111111111111,199,102793
12,9500,100.0,356.55590997256945,21.778947368421054,201,110293
12,10000,100.0,355.84672530472903,21.64,201,117793
12,10500,100.0,356.3209750940172,21.53333333333333,211,125293
12,11000,100.0,357.27307372161,22.318181818181817,205,132793
12,11500,100.0,357.2922806047313,22.460869565217394,213,140293
12,12000,100.0,358.30653184506997,22.333333333333332,204,147793
13,2000,32.467532467532465,356.90161238307,23.65,0,26538
13,2500,44.15584415584416,357.89826451151197,24.2,0,31350
13,3000,54.54545454545454,357.42195038796,24.9,0,35124
13,3500,62.33766233766234,357.0042519732457,24.65714285714286,0,38247
13,4000,70.12987012987013,359.463721231935,24.0,0,41748
13,4500,80.51948051948052,358.10085736176666,22.62222222222222,0,44629
13,5000,88.31168831168831,357.468192766688,21.2,0,47285
13,5500,98.7012987012987,357.31292974862185,20.163636363636364,64,50860
13,6000,100.0,356.126729798285,20.150000000000002,204,57793
13,6500,100.0,355.1630390070015,19.93846153846154,201,65293
13,7000,100.0,358.1860739707614,21.6,202,72793
13,7500,100.0,357.096748259876,21.573333333333334,210,80293
13,8000,100.0,357.30348666106374,21.212500000000002,207,87793
13,8500,100.0,357.4978155940059,21.988235294117647,206,95293
13,9000,100.0,355.60398661221774,21.688888888888886,207,102793
13,9500,98.7012987012987,355.97160960136,21.47368421052632,197,110293
13,10000,100.0,355.87371314908296,21.9,204,117793
13,10500,100.0,357.60549210567524,21.82857142857143,204,125293
13,11000,100.0,358.19562700879635,22.209090909090907,211,132793
13,11500,100.0,358.63996331133217,22.52173913043478,203,140293
13,12000,100.0,358.41587364249,22.616666666666667,203,147793
14,2000,31.16883116883117,359.25272428788503,23.75,0,26538
14,2500,44.15584415584416,359.233285473972,24.2,0,31350
14,3000,54.54545454545454,360.82314387235,24.166666666666668,0,35124
14,3500,62.33766233766234,358.85926229696,23.34285714285714,0,38247
14,4000,70.12987012987013,358.288549940655,24.325,0,41748
14,4500,76.62337662337663,357.1838318243333,22.933333333333334,0,44629
14,5000,87.01298701298701,357.290855483218,21.08,0,47285
14,5500,98.7012987012987,356.75756667006,19.854545454545455,66,50860
14,6000,97.40259740259741,357.84746542438666,20.683333333333334,191,57793
14,6500,100.0,355.9075793019277,19.846153846153847,200,65293
14,7000,98.7012987012987,358.0979892504856,21.21428571428571,199,72793
14,7500,100.0,359.7938833192227,21.560000000000002,209,80293
14,8000,100.0,355.9024088761712,21.075,202,87793
14,8500,100.0,358.6678966256965,21.623529411764704,205,95293
14,9000,100.0,355.6574942640756,21.166666666666668,209,102793
14,9500,98.7012987012987,358.2549671032316,21.978947368421053,199,110293
14,10000,100.0,359.177929344633,22.189999999999998,200,117793
14,10500,100.0,362.0663420907095,23.047619047619047,204,125293
14,11000,100.0,358.9996830890482,22.490909090909092,200,132793
14,11500,100.0,360.7975216440035,23.121739130434783,207,140293
14,12000,100.0,361.0581879474675,22.966666666666665,200,147793
15,2000,31.16883116883117,352.388137413865,24.65,0,26538
15,2500,42.857142857142854,356.326471566628,23.56,0,31350
15,3000,51.94805194805194,355.07555869273006,23.633333333333333,0,35124
15,3500,62.33766233766234,356.22162267952,23.57142857142857,0,38247
15,4000,70.12987012987013,355.2166133390675,22.55,0,41748
15,4500,80.51948051948052,357.9463297261511,22.444444444444443,0,44629
15,5000,87.01298701298701,355.364738563614,20.82,0,47285
15,5500,98.7012987012987,355.39515205680726,20.054545454545455,63,50860
15,6000,100.0,355.0026605831683,20.0,204,57793
15,6500,100.0,357.55008547019384,20.83076923076923,210,65293
15,7000,100.0,354.24898975292,20.599999999999998,208,72793
15,7500,98.7012987012987,355.5228920746587,20.919999999999998,199,80293
15,8000,100.0,355.1999505928062,20.8875,207,87793
15,8500,100.0,357.28166389324946,21.635294117647057,201,95293
15,9000,100.0,355.39991409794334,21.655555555555555,206,102793
15,9500,100.0,357.4275340297379,21.83157894736842,207,110293
15,10000,100.0,355.77431111360397,22.28,203,117793
15,10500,100.0,357.2388637425657,22.34285714285714,201,125293
15,11000,100.0,358.14508020018366,22.354545454545455,208,132793
15,11500,100.0,358.5462740048826,23.104347826086958,203,140293
15,12000,100.0,357.31407071807416,22.3,208,147793
16,2000,32.467532467532465,356.80608079443,24.3,0,26538
16,2500,44.15584415584416,361.93860296473594,24.48,0,31350
16,3000,54.54545454545454,360.74131796521664,25.3,0,35124
16,3500,62.33766233766234,357.6095690367686,23.485714285714284,0,38247
16,4000,70.12987012987013,359.1733924224075,23.1,0,41748
16,4500,79.22077922077922,355.2599687934533,22.066666666666666,0,44629
16,5000,88.31168831168831,357.965818239144,21.18,0,47285
16,5500,98.7012987012987,355.7599228888873,19.418181818181818,66,50860
16,6000,98.7012987012987,357.0408999693667,19.933333333333334,192,57793
16,6500,98.7012987012987,355.782448918783,20.16923076923077,195,65293
16,7000,97.40259740259741,356.01767610189,20.214285714285715,195,72793
16,7500,100.0,356.0250124308747,20.613333333333333,201,80293
16,8000,100.0,356.4415935296937,21.3125,210,87793
16,8500,100.0,357.16366389637886,21.894117647058824,212,95293
16,9000,98.7012987012987,355.8735990701556,21.01111111111111,199,102793
16,9500,100.0,358.76763242163577,21.810526315789474,207,110293
16,10000,100.0,359.554581586373,22.09,210,117793
16,10500,100.0,356.61490992137624,21.876190476190477,207,125293
16,11000,100.0,358.32635351263457,22.227272727272727,203,132793
16,11500,100.0,359.17696255793913,22.42608695652174,213,140293
16,12000,100.0,358.4968269888025,22.275,208,147793
17,2000,31.16883116883117,355.7424855618,24.6,0,26538
17,2500,44.15584415584416,355.13007902049196,23.48,0,31350
17,3000,54.54545454545454,355.64381602673,23.0,0,35124
17,3500,62.33766233766234,355.8472017203086,23.542857142857144,0,38247
17,4000,68.83116883116884,353.47614642188,23.175,0,41748
17,4500,80.51948051948052,351.7263331571222,21.844444444444445,0,44629
17,5000,88.31168831168831,356.26821202052406,21.18,0,47285
17,5500,97.40259740259741,356.17299096702726,19.69090909090909,67,50860
17,6000,98.7012987012987,355.38197243889005,19.900000000000002,196,57793
17,6500,100.0,357.078135564303,20.953846153846154,208,65293
17,7000,98.7012987012987,353.2520764963471,20.457142857142856,197,72793
17,7500,100.0,353.528590331516,20.013333333333332,214,80293
17,8000,100.0,354.5429703806975,20.9875,209,87793
17,8500,98.7012987012987,356.06934037178706,21.4,194,95293
17,9000,100.0,356.8904550403633,21.633333333333333,201,102793
17,9500,100.0,356.61881137374843,21.821052631578947,210,110293
17,10000,100.0,357.465209365322,22.0,213,117793
17,10500,100.0,358.64166016693713,22.104761904761904,207,125293
17,11000,98.7012987012987,354.5286877847791,21.636363636363637,197,132793
17,11500,100.0,356.6774153405165,22.034782608695654,204,140293
17,12000,100.0,356.60983811552745,21.991666666666667,206,147793
18,2000,31.16883116883117,351.74203232607,24.4,0,26538
18,2500,44.15584415584416,351.86349616312003,22.64,0,31350
18,3000,53.246753246753244,357.05410617724664,24.73333333333333,0,35124
18,3500,62.33766233766234,355.20317024153434,23.0,0,38247
18,4000,70.12987012987013,359.2664699125525,23.525,0,41748
18,4500,79.22077922077922,357.04060971645555,21.88888888888889,0,44629
18,5000,88.31168831168831,356.210441533958,21.04,0,47285
18,5500,98.7012987012987,354.95215201489634,20.127272727272725,62,50860
18,6000,100.0,358.33487840783505,20.533333333333335,209,57793
18,6500,98.7012987012987,356.0193258598769,20.215384615384615,198,65293
18,7000,100.0,358.49442216310996,21.285714285714285,209,72793
18,7500,100.0,356.84701125567597,20.85333333333333,200,80293
18,8000,98.7012987012987,356.06099890674744,21.025,199,87793
18,8500,100.0,357.2123046702694,21.670588235294115,205,95293
18,9000,100.0,358.50534558702884,21.766666666666666,203,102793
18,9500,100.0,355.6353421459189,21.11578947368421,206,110293
18,10000,100.0,356.68098454547896,21.54,208,117793
18,10500,100.0,355.72207596505524,21.8,203,125293
18,11000,100.0,357.16733846365634,21.827272727272728,214,132793
18,11500,100.0,358.42484697619824,22.36521739130435,212,140293
18,12000,100.0,358.3850713075283,22.425,207,147793
19,2000,31.16883116883117,358.89264349537495,25.6,0,26538
19,2500,44.15584415584416,361.77195959014,24.8,0,31350
19,3000,54.54545454545454,360.42926514396663,24.0,0,35124
19,3500,62.33766233766234,357.7601916376485,23.942857142857143,0,38247
19,4000,70.12987012987013,354.6460598628975,23.075000000000003,0,41748
19,4500,80.51948051948052,358.3559618590266,22.53333333333333,0,44629
19,5000,88.31168831168831,355.51738237521,20.48,0,47285
19,5500,98.7012987012987,355.7316633956927,20.18181818181818,65,50860
19,6000,100.0,352.48273327702503,19.2,208,57793
19,6500,100.0,356.33007170157384,20.276923076923076,204,65293
19,7000,98.7012987012987,355.73189686647004,20.95714285714286,189,72793
19,7500,100.0,355.65407604922535,20.706666666666667,203,80293
19,8000,100.0,354.7704188862663,21.712500000000002,200,87793
19,8500,100.0,356.60403601324,21.858823529411765,200,95293
19,9000,98.7012987012987,354.9902124578578,21.188888888888886,199,102793
19,9500,100.0,356.51417271756316,21.905263157894737,200,110293
19,10000,100.0,354.414789587494,21.82,206,117793
19,10500,100.0,355.30637396464857,22.152380952380952,205,125293
19,11000,100.0,356.54504112314817,22.027272727272727,205,132793
19,11500,100.0,355.6164444905739,21.77391304347826,205,140293
19,12000,100.0,357.1190571460941,22.25,202,147793
20,2000,31.16883116883117,358.448071948165,24.5,0,26538
20,2500,42.857142857142854,360.90106228910406,24.36,0,31350
20,3000,54.54545454545454,356.51107237132993,24.2,0,35124
20,3500,62.33766233766234,355.6626224294829,22.62857142857143,0,38247
20,4000,70.12987012987013,358.11401897159254,22.35,0,41748
20,4500,79.22077922077922,359.6875504109933,22.08888888888889,0,44629
20,5000,87.01298701298701,358.40821294482396,20.96,0,47285
20,5500,97.40259740259741,354.43664238845275,19.10909090909091,55,50860
20,6000,100.0,356.51747956252837,20.216666666666665,204,57793
20,6500,100.0,358.19063803076915,20.876923076923077,206,65293
20,7000,100.0,358.65905968883993,21.4,205,72793
20,7500,100.0,358.03185770272796,21.04,206,80293
20,8000,100.0,356.04246946806376,20.7625,205,87793
20,8500,98.7012987012987,356.33088675699645,21.694117647058825,199,95293
20,9000,100.0,357.9622967798289,22.066666666666666,202,102793
20,9500,100.0,356.2171128911463,21.726315789473684,206,110293
20,10000,100.0,357.259538121566,21.8,206,117793
20,10500,100.0,359.4275057709638,22.390476190476193,205,125293
20,11000,100.0,356.2213738158791,21.60909090909091,202,132793
20,11500,100.0,355.6352496349156,22.02608695652174,201,140293
20,12000,100.0,356.50035395547167,22.275,204,147793
21,2000,32.467532467532465,365.874533917785,26.6,0,26538
21,2500,44.15584415584416,364.46474703521596,25.64,0,31350
21,3000,54.54545454545454,363.65786866703667,25.8,0,35124
21,3500,62.33766233766234,357.76141163749713,23.457142857142856,0,38247
21,4000,70.12987012987013,359.75906018477497,24.099999999999998,0,41748
21,4500,80.51948051948052,361.4526614719734,23.133333333333333,0,44629
21,5000,88.31168831168831,357.77719879701397,21.08,0,47285
21,5500,98.7012987012987,362.0931036718836,20.92727272727273,65,50860
21,6000,100.0,359.684774556375,21.016666666666666,205,57793
21,6500,100.0,359.6750884034246,21.0,211,65293
21,7000,97.40259740259741,358.9424125730228,21.75714285714286,195,72793
21,7500,100.0,360.4419804023533,21.653333333333332,205,80293
21,8000,100.0,360.89284620592997,22.4375,210,87793
21,8500,100.0,360.6369520297541,21.905882352941177,211,95293
21,9000,100.0,359.7495569579411,22.544444444444444,208,102793
21,9500,98.7012987012987,360.433763245661,22.400000000000002,197,110293
21,10000,100.0,359.324848848571,22.11,200,117793
21,10500,98.7012987012987,358.52397563519526,22.714285714285715,191,125293
21,11000,100.0,358.39621432418,22.454545454545453,206,132793
21,11500,100.0,358.24188500653736,22.339130434782607,209,140293
21,12000,100.0,357.8628391191734,22.991666666666667,207,147793
22,2000,31.16883116883117,356.318785989515,25.0,0,26538
22,2500,44.15584415584416,357.930405188656,24.52,0,31350
22,3000,54.54545454545454,360.0669114935366,24.0,0,35124
22,3500,59.74025974025974,358.87446121186855,23.97142857142857,0,38247
22,4000,70.12987012987013,357.1797814489775,23.125,0,41748
22,4500,79.22077922077922,357.43516852276,23.244444444444447,0,44629
22,5000,88.31168831168831,356.45793302432,21.279999999999998,0,47285
22,5500,98.7012987012987,357.9815750756018,19.87272727272727,61,50860
22,6000,100.0,359.07211651715494,20.383333333333333,206,57793
22,6500,100.0,358.09571021584765,20.56923076923077,208,65293
22,7000,100.0,356.24867153853006,20.57142857142857,204,72793
22,7500,98.7012987012987,357.4872261211347,20.773333333333333,198,80293
22,8000,100.0,358.46588822269376,21.7375,205,87793
22,8500,100.0,356.5981409195659,21.36470588235294,203,95293
22,9000,100.0,359.42913706969665,22.08888888888889,207,102793
22,9500,100.0,355.6773365742937,21.66315789473684,209,110293
22,10000,100.0,357.51667115503403,22.11,205,117793
22,10500,100.0,358.7573891137314,22.35238095238095,205,125293
22,11000,100.0,359.03965641974725,22.563636363636363,215,132793
22,11500,100.0,358.8269656988617,22.130434782608695,204,140293
22,12000,100.0,356.8531365064041,22.508333333333333,202,147793
23,2000,31.16883116883117,357.41820627587,24.2,0,26538
23,2500,44.15584415584416,357.2705577634,24.04,0,31350
23,3000,54.54545454545454,358.8025052197833,23.566666666666666,0,35124
23,3500,62.33766233766234,358.13052608114856,23.314285714285717,0,38247
23,4000,70.12987012987013,360.42629391679253,23.45,0,41748
23,4500,80.51948051948052,358.36952025724224,22.244444444444444,0,44629
23,5000,87.01298701298701,356.666184178008,21.22,0,47285
23,5500,98.7012987012987,358.37362238865995,20.0,66,50860
23,6000,100.0,357.39779382038165,19.733333333333334,203,57793
23,6500,100.0,357.60627654765074,19.96923076923077,208,65293
23,7000,100.0,356.83176138085287,20.457142857142856,205,72793
23,7500,100.0,356.56989678424674,21.52,211,80293
23,8000,98.7012987012987,356.1863134934025,20.474999999999998,199,87793
23,8500,100.0,359.03554659129884,21.75294117647059,212,95293
23,9000,98.7012987012987,358.84836507904777,21.61111111111111,196,102793
23,9500,100.0,356.9678507972421,21.726315789473684,209,110293
23,10000,100.0,357.225015008244,21.81,208,117793
23,10500,100.0,358.31195852231906,22.047619047619047,206,125293
23,11000,100.0,360.77860332355,22.545454545454547,215,132793
23,11500,100.0,356.8594136464565,21.82608695652174,206,140293
23,12000,100.0,358.9207556193674,22.608333333333334,214,147793
24,2000,29.87012987012987,350.061723329645,24.2,0,26538
24,2500,44.15584415584416,352.563387720732,24.64,0,31350
24,3000,54.54545454545454,356.0360402190167,24.633333333333333,0,35124
24,3500,61.038961038961034,354.7401944128629,22.314285714285713,0,38247
24,4000,70.12987012987013,354.95013039989,23.05,0,41748
24,4500,81.81818181818183,359.18003774199553,22.91111111111111,0,44629
24,5000,88.31168831168831,356.62508792722195,21.14,0,47285
24,5500,98.7012987012987,355.76313714000725,20.654545454545453,65,50860
24,6000,100.0,355.83181431107334,20.0,202,57793
24,6500,98.7012987012987,356.6127228069831,21.184615384615384,196,65293
24,7000,100.0,356.5554455392757,20.599999999999998,202,72793
24,7500,100.0,356.5372496518306,21.146666666666665,209,80293
24,8000,100.0,357.0420505466225,21.075,213,87793
24,8500,100.0,354.44713185923644,21.482352941176472,214,95293
24,9000,100.0,357.59999740851,21.73333333333333,212,102793
24,9500,100.0,356.1317680068705,21.894736842105264,207,110293
24,10000,100.0,354.513283452534,21.9,204,117793
24,10500,100.0,355.3562917914829,21.847619047619045,203,125293
24,11000,100.0,357.10847498386727,22.290909090909093,208,132793
24,11500,100.0,357.9890612185609,22.330434782608695,208,140293
24,12000,100.0,356.72268247495174,22.591666666666665,207,147793
25,2000,31.16883116883117,359.17129636981,24.349999999999998,0,26538
25,2500,44.15584415584416,359.077249772756,25.4,0,31350
25,3000,54.54545454545454,358.0873590203267,24.73333333333333,0,35124
25,3500,62.33766233766234,358.32033598592574,23.65714285714286,0,38247
25,4000,68.83116883116884,356.9064851628225,23.375,0,41748
25,4500,80.51948051948052,357.91081870318664,22.711111111111112,0,44629
25,5000,88.31168831168831,356.40884156808795,20.979999999999997,0,47285
25,5500,98.7012987012987,357.62142617070185,20.745454545454546,68,50860
25,6000,100.0,353.4607021763384,19.516666666666666,208,57793
25,6500,100.0,355.1080914274692,20.200000000000003,203,65293
25,7000,100.0,355.6795639620514,20.271428571428572,201,72793
25,7500,98.7012987012987,357.022344504412,20.84,199,80293
25,8000,100.0,356.14575883659126,21.6,210,87793
25,8500,100.0,357.2695654182694,21.235294117647058,209,95293
25,9000,100.0,354.3793499466878,21.022222222222222,203,102793
25,9500,100.0,356.69250762943267,22.242105263157892,212,110293
25,10000,100.0,357.343473119416,21.84,209,117793
25,10500,100.0,354.20849322034854,21.6,208,125293
25,11000,100.0,357.95410075510455,22.5,207,132793
25,11500,100.0,357.7219375672713,22.556521739130435,217,140293
25,12000,98.7012987012987,354.8171650614667,22.041666666666668,198,147793
26,2000,31.16883116883117,356.202182590195,25.5,0,26538
26,2500,44.15584415584416,362.048247334656,25.36,0,31350
26,3000,53.246753246753244,357.92411878407995,24.53333333333333,0,35124
26,3500,61.038961038961034,357.76570935031424,24.885714285714286,0,38247
26,4000,70.12987012987013,357.91281032219496,23.474999999999998,0,41748
26,4500,80.51948051948052,363.1037381797067,22.8,0,44629
26,5000,87.01298701298701,358.893892611164,21.68,0,47285
26,5500,97.40259740259741,357.50148028067633,20.4,63,50860
26,6000,100.0,357.19910379887494,20.066666666666666,213,57793
26,6500,100.0,360.2583019446784,20.83076923076923,206,65293
26,7000,98.7012987012987,359.58934496148,21.099999999999998,199,72793
26,7500,100.0,359.0396692570773,21.36,209,80293
26,8000,100.0,362.761610890175,22.787499999999998,201,87793
26,8500,100.0,358.65279294356117,21.658823529411762,212,95293
26,9000,100.0,359.7242025512245,22.322222222222223,201,102793
26,9500,98.7012987012987,357.2972800045284,22.073684210526316,195,110293
26,10000,100.0,360.22798362595097,22.53,213,117793
26,10500,100.0,358.07033936428286,22.685714285714287,205,125293
26,11000,100.0,361.2025352802727,23.18181818181818,211,132793
26,11500,100.0,359.9674953303339,22.852173913043476,202,140293
26,12000,100.0,358.3324669480541,23.025000000000002,206,147793
27,2000,31.16883116883117,360.83054678261,25.05,0,26538
27,2500,44.15584415584416,360.26939065174,24.64,0,31350
27,3000,53.246753246753244,360.65269360852335,24.8,0,35124
27,3500,61.038961038961034,359.6217223838029,23.914285714285715,0,38247
27,4000,70.12987012987013,361.5590780720275,23.175,0,41748
27,4500,79.22077922077922,356.67113920997554,21.555555555555557,0,44629
27,5000,87.01298701298701,359.63547753293597,21.8,0,47285
27,5500,98.7012987012987,357.2536708346909,19.418181818181818,66,50860
27,6000,100.0,359.7020218391917,20.616666666666667,201,57793
27,6500,100.0,357.6354387399923,20.584615384615386,203,65293
27,7000,100.0,357.8023618040586,21.057142857142857,211,72793
27,7500,100.0,359.43884223979865,21.6,211,80293
27,8000,100.0,357.28908208343,21.15,209,87793
27,8500,100.0,360.0469308104247,22.55294117647059,214,95293
27,9000,100.0,360.7986507804511,22.466666666666665,209,102793
27,9500,100.0,361.1772398447158,21.88421052631579,212,110293
27,10000,100.0,359.852722919054,22.720000000000002,209,117793
27,10500,100.0,359.0257292379181,22.333333333333332,205,125293
27,11000,100.0,360.96855489809815,23.118181818181817,211,132793
27,11500,100.0,363.07678421600866,23.304347826086957,207,140293
27,12000,100.0,359.592934228625,23.066666666666666,213,147793
28,2000,31.16883116883117,354.690354658945,23.75,0,26538
28,2500,44.15584415584416,355.852802832056,23.64,0,31350
28,3000,54.54545454545454,355.63106355233003,24.266666666666666,0,35124
28,3500,62.33766233766234,357.1016283241258,23.42857142857143,0,38247
28,4000,70.12987012987013,357.7540822880325,23.425,0,41748
28,4500,80.51948051948052,355.7244184053511,22.822222222222223,0,44629
28,5000,88.31168831168831,355.52258362018995,20.64,0,47285
28,5500,97.40259740259741,355.82741245985994,19.78181818181818,64,50860
28,6000,98.7012987012987,355.91705672132656,20.033333333333335,196,57793
28,6500,100.0,357.2522961143016,20.246153846153845,201,65293
28,7000,100.0,357.27904625673426,20.585714285714285,206,72793
28,7500,100.0,355.33664370002936,20.466666666666665,208,80293
28,8000,100.0,355.31757223197997,20.962500000000002,205,87793
28,8500,100.0,355.4888740043424,21.058823529411764,206,95293
28,9000,98.7012987012987,356.2967037511989,21.655555555555555,196,102793
28,9500,100.0,358.1286522667505,22.400000000000002,203,110293
28,10000,100.0,353.721900369196,21.19,206,117793
28,10500,100.0,357.0512610562276,22.114285714285714,213,125293
28,11000,100.0,355.4395809357691,21.78181818181818,214,132793
28,11500,98.7012987012987,358.1668699428904,22.59130434782609,196,140293
28,12000,100.0,357.36154253753665,22.525000000000002,203,147793
29,2000,32.467532467532465,352.026603248865,22.55,0,26538
29,2500,42.857142857142854,356.215385658988,24.88,0,31350
29,3000,54.54545454545454,358.22580226682663,25.066666666666666,0,35124
29,3500,59.74025974025974,355.7019661584486,22.6,0,38247
29,4000,70.12987012987013,354.069412286255,23.625,0,41748
29,4500,81.81818181818183,353.35681010672,21.46666666666667,0,44629
29,5000,87.01298701298701,355.312924095132,19.919999999999998,0,47285
29,5500,98.7012987012987,355.0357384096345,19.345454545454547,64,50860
29,6000,98.7012987012987,358.758142011255,20.516666666666666,199,57793
29,6500,100.0,355.42753933481384,20.16923076923077,209,65293
29,7000,100.0,355.84647744121855,20.785714285714285,204,72793
29,7500,100.0,356.1723378271893,21.493333333333332,209,80293
29,8000,100.0,358.0772062292588,21.475,203,87793
29,8500,100.0,355.7837673099271,20.870588235294118,208,95293
29,9000,100.0,358.30722726758665,21.944444444444443,205,102793
29,9500,100.0,358.0976429987537,21.926315789473687,204,110293
29,10000,98.7012987012987,357.63447537990396,22.400000000000002,192,117793
29,10500,100.0,358.43426375302187,22.371428571428574,206,125293
29,11000,100.0,355.8126051284845,22.054545454545455,208,132793
29,11500,100.0,357.36095635200525,22.53913043478261,210,140293
29,12000,100.0,360.60091060880245,22.975,204,147793
30,2000,29.87012987012987,350.369210067675,23.549999999999997,0,26538
30,2500,41.55844155844156,350.342476966728,23.599999999999998,0,31350
30,3000,54.54545454545454,352.7455331714234,22.933333333333334,0,35124
30,3500,61.038961038961034,353.66324591038006,23.142857142857142,0,38247
30,4000,70.12987012987013,353.0058395210175,22.85,0,41748
30,4500,80.51948051948052,354.42447479285784,21.91111111111111,0,44629
30,5000,88.31168831168831,355.68383052431994,20.82,0,47285
30,5500,98.7012987012987,355.53362438097815,19.545454545454547,65,50860
30,6000,100.0,356.0862181028283,19.8,205,57793
30,6500,100.0,354.03999084237233,19.784615384615385,208,65293
30,7000,100.0,354.81124828490005,20.585714285714285,202,72793
30,7500,100.0,356.490166140776,21.48,206,80293
30,8000,100.0,355.00641261551993,20.8125,205,87793
30,8500,100.0,353.2963687229518,20.52941176470588,212,95293
30,9000,100.0,355.19627549934887,20.68888888888889,203,102793
30,9500,97.40259740259741,354.25978164894417,20.8,192,110293
30,10000,100.0,356.460871146439,21.52,206,117793
30,10500,100.0,354.7449050380257,21.514285714285712,200,125293
30,11000,100.0,356.73543561344,22.245454545454546,204,132793
30,11500,100.0,354.7676102298426,22.02608695652174,204,140293
30,12000,100.0,355.03682538272665,21.816666666666666,207,147793
31,2000,32.467532467532465,358.318307968055,24.2,0,26538
31,2500,44.15584415584416,356.39538236943605,24.08,0,31350
31,3000,54.54545454545454,355.2180367602867,23.333333333333332,0,35124
31,3500,61.038961038961034,358.1627569418429,23.771428571428572,0,38247
31,4000,70.12987012987013,357.09027211118746,22.975,0,41748
31,4500,79.22077922077922,359.90993000837557,22.6,0,44629
31,5000,88.31168831168831,355.63909795596004,20.48,0,47285
31,5500,97.40259740259741,356.7332249330691,19.78181818181818,60,50860
31,6000,100.0,354.78642692406663,19.650000000000002,206,57793
31,6500,100.0,357.92404699484143,20.415384615384617,206,65293
31,7000,100.0,356.9364931509271,20.242857142857144,203,72793
31,7500,98.7012987012987,357.3946328908133,20.64,194,80293
31,8000,100.0,358.45406058206123,21.3125,211,87793
31,8500,100.0,354.9008922816153,21.223529411764705,208,95293
31,9000,100.0,359.06326013695,21.955555555555556,212,102793
31,9500,100.0,358.9946708216684,21.8,206,110293
31,10000,100.0,360.42106942304594,22.52,209,117793
31,10500,100.0,358.5773812364343,22.18095238095238,208,125293
31,11000,100.0,359.0845475047482,22.845454545454547,206,132793
31,11500,100.0,358.4776937794713,22.39130434782609,214,140293
31,12000,100.0,359.33392581672996,22.28333333333333,209,147793
32,2000,31.16883116883117,349.685459029535,22.1,0,26538
32,2500,44.15584415584416,352.69808553881205,24.08,0,31350
32,3000,54.54545454545454,356.17225812680334,23.433333333333334,0,35124
32,3500,62.33766233766234,354.9546788018172,22.8,0,38247
32,4000,70.12987012987013,353.05464477019,22.8,0,41748
32,4500,77.92207792207793,351.54666909362885,21.22222222222222,0,44629
32,5000,87.01298701298701,354.06629475971005,20.46,0,47285
32,5500,98.7012987012987,353.4865465130145,19.563636363636363,60,50860
32,6000,100.0,355.222660966195,19.766666666666666,205,57793
32,6500,100.0,355.0184929405846,20.092307692307692,206,65293
32,7000,100.0,355.1673268575128,20.242857142857144,201,72793
32,7500,100.0,355.8522470503467,20.906666666666666,207,80293
32,8000,98.7012987012987,357.13451961545377,21.0625,195,87793
32,8500,100.0,355.44189611621294,21.04705882352941,204,95293
32,9000,100.0,356.53703479797997,22.03333333333333,206,102793
32,9500,100.0,358.54406532346314,22.0,210,110293
32,10000,100.0,359.23608275146296,22.08,212,117793
32,10500,98.7012987012987,358.34354155286,22.057142857142857,199,125293
32,11000,98.7012987012987,356.98863306135365,21.981818181818184,197,132793
32,11500,100.0,358.3093800115661,22.043478260869563,209,140293
32,12000,100.0,357.78490960387495,22.40833333333333,208,147793
33,2000,31.16883116883117,354.95093524051003,24.8,0,26538
33,2500,44.15584415584416,359.432612840064,23.799999999999997,0,31350
33,3000,51.94805194805194,355.11112060240004,23.633333333333333,0,35124
33,3500,61.038961038961034,353.96569409556577,23.97142857142857,0,38247
33,4000,70.12987012987013,354.05540824054,22.425,0,41748
33,4500,80.51948051948052,353.11307960523555,21.622222222222224,0,44629
33,5000,87.01298701298701,355.022353784504,19.939999999999998,0,47285
33,5500,98.7012987012987,356.08638359782725,19.545454545454547,63,50860
33,6000,100.0,355.5781166313117,20.383333333333333,209,57793
33,6500,100.0,357.3751899965231,20.123076923076923,212,65293
33,7000,100.0,355.4504789827715,20.585714285714285,202,72793
33,7500,100.0,357.1282412605106,21.12,203,80293
33,8000,100.0,354.5564875450075,20.7,201,87793
33,8500,100.0,356.0525827137129,21.023529411764706,203,95293
33,9000,100.0,355.8578975313289,21.7,205,102793
33,9500,100.0,355.9285859185053,21.263157894736842,212,110293
33,10000,100.0,355.48149230386,21.55,205,117793
33,10500,100.0,357.9415502980314,22.047619047619047,200,125293
33,11000,98.7012987012987,356.60343715212724,21.89090909090909,193,132793
33,11500,100.0,357.0862676803956,22.504347826086956,200,140293
33,12000,100.0,356.51100316097836,22.316666666666666,205,147793
34,2000,31.16883116883117,353.44633360280505,23.200000000000003,0,26538
34,2500,44.15584415584416,357.456271127008,24.4,0,31350
34,3000,51.94805194805194,353.1022277158967,22.6,0,35124
34,3500,62.33766233766234,357.92815158058,23.685714285714283,0,38247
34,4000,70.12987012987013,355.03165173186744,22.1,0,41748
34,4500,79.22077922077922,355.33680068241773,21.822222222222223,0,44629
34,5000,88.31168831168831,356.640349259616,21.34,0,47285
34,5500,98.7012987012987,357.4898076378709,20.4,62,50860
34,6000,100.0,356.3938588065333,19.783333333333335,205,57793
34,6500,100.0,358.46663659287543,20.72307692307692,201,65293
34,7000,98.7012987012987,358.09904567041144,21.21428571428571,199,72793
34,7500,98.7012987012987,358.9370857043933,21.226666666666667,195,80293
34,8000,100.0,357.2568137686538,21.2,209,87793
34,8500,100.0,356.84637686823885,21.211764705882352,213,95293
34,9000,98.7012987012987,360.3149068999533,22.466666666666665,199,102793
34,9500,100.0,357.8033163239453,21.821052631578947,203,110293
34,10000,100.0,359.268544195297,22.3,208,117793
34,10500,100.0,359.96831869953144,22.34285714285714,207,125293
34,11000,100.0,359.1234736803327,22.554545454545455,209,132793
34,11500,100.0,358.16354450995397,22.434782608695652,207,140293
34,12000,100.0,357.04015713804586,22.558333333333334,202,147793
35,2000,31.16883116883117,355.009043837035,23.9,0,26538
35,2500,44.15584415584416,353.93182903234,24.279999999999998,0,31350
35,3000,54.54545454545454,358.0153280859733,24.633333333333333,0,35124
35,3500,62.33766233766234,354.50074952324854,22.114285714285714,0,38247
35,4000,68.83116883116884,356.80521146498506,23.150000000000002,0,41748
35,4500,80.51948051948052,357.35192600672224,22.666666666666664,0,44629
35,5000,88.31168831168831,356.54595703118196,20.52,0,47285
35,5500,98.7012987012987,353.93666675694186,19.18181818181818,54,50860
35,6000,100.0,356.50959780583497,20.483333333333334,208,57793
35,6500,100.0,356.8486547922492,19.76923076923077,209,65293
35,7000,100.0,354.9359627220286,20.65714285714286,210,72793
35,7500,100.0,359.05210824678267,20.880000000000003,207,80293
35,8000,100.0,359.1751826505262,22.2,208,87793
35,8500,100.0,359.78138632288585,21.64705882352941,206,95293
35,9000,100.0,359.56455599288887,21.988888888888887,218,102793
35,9500,100.0,358.89142935774737,21.947368421052634,212,110293
35,10000,100.0,359.900925245171,22.43,207,117793
35,10500,98.7012987012987,357.96770493658755,21.914285714285715,198,125293
35,11000,100.0,357.75990124669545,21.881818181818183,201,132793
35,11500,100.0,358.1605269338487,22.16521739130435,207,140293
35,12000,100.0,358.60675305974746,22.425,210,147793
36,2000,31.16883116883117,355.81272199256495,24.45,0,26538
36,2500,44.15584415584416,359.930116442288,24.52,0,31350
36,3000,54.54545454545454,356.54046050210997,24.099999999999998,0,35124
36,3500,62.33766233766234,356.7725174037314,22.97142857142857,0,38247
36,4000,70.12987012987013,353.8562815193125,22.3,0,41748
36,4500,80.51948051948052,353.83057323010445,21.666666666666668,0,44629
36,5000,88.31168831168831,356.318579342522,20.78,0,47285
36,5500,98.7012987012987,356.5955442708636,20.036363636363635,64,50860
36,6000,100.0,352.46050050500503,19.683333333333334,201,57793
36,6500,100.0,356.8932696363584,20.46153846153846,207,65293
36,7000,98.7012987012987,356.52952265863996,20.57142857142857,197,72793
36,7500,100.0,355.94318605561733,21.05333333333333,212,80293
36,8000,100.0,356.4650293222562,21.75,208,87793
36,8500,100.0,356.17688571157413,21.858823529411765,202,95293
36,9000,100.0,356.5562921095311,22.055555555555557,208,102793
36,9500,100.0,356.15945707852626,21.694736842105264,203,110293
36,10000,100.0,358.535790655997,22.07,206,117793
36,10500,98.7012987012987,357.09817716907526,22.038095238095238,193,125293
36,11000,100.0,358.5296261626691,22.69090909090909,209,132793
36,11500,100.0,359.7140399304391,22.869565217391305,211,140293
36,12000,100.0,356.38667178698665,22.325,208,147793
37,2000,31.16883116883117,351.77584858650994,24.5,0,26538
37,2500,44.15584415584416,350.914662010884,23.119999999999997,0,31350
37,3000,54.54545454545454,356.19727441886005,23.966666666666665,0,35124
37,3500,62.33766233766234,352.04264762046574,22.8,0,38247
37,4000,70.12987012987013,356.99123499456243,22.875,0,41748
37,4500,81.81818181818183,350.67502916694446,20.68888888888889,0,44629
37,5000,87.01298701298701,356.293713290016,20.84,0,47285
37,5500,98.7012987012987,355.16793060046547,19.927272727272726,63,50860
37,6000,98.7012987012987,356.0048925841533,20.716666666666665,193,57793
37,6500,100.0,355.0570530257954,19.676923076923078,213,65293
37,7000,98.7012987012987,358.78757253475715,21.4,199,72793
37,7500,100.0,355.7629474523933,21.026666666666667,205,80293
37,8000,98.7012987012987,354.4166358189912,20.962500000000002,192,87793
37,8500,100.0,354.1991814089318,20.75294117647059,207,95293
37,9000,100.0,354.58209600090555,21.766666666666666,203,102793
37,9500,100.0,356.36385259285896,21.821052631578947,210,110293
37,10000,100.0,355.82726308195305,21.33,211,117793
37,10500,100.0,354.2802760052733,21.561904761904763,206,125293
37,11000,100.0,354.98658856043636,21.936363636363637,201,132793
37,11500,100.0,357.06092356847387,22.452173913043477,207,140293
37,12000,98.7012987012987,354.43648739783,21.941666666666666,199,147793
38,2000,31.16883116883117,357.60500000902,24.3,0,26538
38,2500,44.15584415584416,358.37510849269603,24.16,0,31350
38,3000,54.54545454545454,357.91646265123666,23.866666666666667,0,35124
38,3500,62.33766233766234,358.69216757202,23.885714285714286,0,38247
38,4000,70.12987012987013,359.52964397943254,23.275000000000002,0,41748
38,4500,81.81818181818183,357.94158428219777,22.733333333333334,0,44629
38,5000,87.01298701298701,356.268217732972,20.62,0,47285
38,5500,97.40259740259741,357.15518103776,19.818181818181817,58,50860
38,6000,100.0,358.807397095515,20.166666666666664,216,57793
38,6500,100.0,356.8569669346646,20.523076923076925,212,65293
38,7000,100.0,356.27191158057,20.9,200,72793
38,7500,100.0,355.78766137490663,20.866666666666667,202,80293
38,8000,100.0,356.3736201246825,21.4375,214,87793
38,8500,100.0,357.93759919057766,21.764705882352942,207,95293
38,9000,100.0,357.91904229452774,21.755555555555556,210,102793
38,9500,100.0,357.32691830361057,22.11578947368421,207,110293
38,10000,100.0,357.710814000508,22.17,205,117793
38,10500,100.0,357.6142007360886,21.78095238095238,207,125293
38,11000,100.0,356.4430320649809,22.290909090909093,205,132793
38,11500,100.0,355.6731962643965,22.043478260869563,207,140293
38,12000,98.7012987012987,356.4817360091367,22.175,195,147793
39,2000,31.16883116883117,359.80885113429497,25.05,0,26538
39,2500,44.15584415584416,359.56052352160805,24.04,0,31350
39,3000,53.246753246753244,360.0197505102033,25.0,0,35124
39,3500,62.33766233766234,358.7022431019172,24.485714285714284,0,38247
39,4000,70.12987012987013,359.46288675561,23.35,0,41748
39,4500,81.81818181818183,360.24194997397336,22.8,0,44629
39,5000,88.31168831168831,359.614373225854,21.08,0,47285
39,5500,98.7012987012987,358.0484278268454,19.836363636363636,63,50860
39,6000,100.0,359.281335106695,20.233333333333334,206,57793
39,6500,100.0,356.0515215610031,20.323076923076925,210,65293
39,7000,100.0,357.54720511403,21.328571428571426,200,72793
39,7500,100.0,360.27157196955733,22.0,211,80293
39,8000,100.0,357.1392704956425,20.962500000000002,205,87793
39,8500,100.0,358.8513612348682,21.870588235294118,205,95293
39,9000,100.0,356.30958014865894,21.055555555555554,211,102793
39,9500,100.0,357.74444789140944,21.610526315789475,207,110293
39,10000,98.7012987012987,356.600845774729,22.2,193,117793
39,10500,98.7012987012987,358.1210449920076,22.20952380952381,199,125293
39,11000,100.0,358.35367670677545,22.363636363636363,208,132793
39,11500,100.0,357.46374782233215,22.130434782608695,203,140293
39,12000,100.0,357.21320299160584,22.28333333333333,207,147793
40,2000,31.16883116883117,356.475958483775,24.15,0,26538
40,2500,44.15584415584416,359.347559835524,24.279999999999998,0,31350
40,3000,54.54545454545454,356.55816667715004,24.166666666666668,0,35124
40,3500,62.33766233766234,354.85168621904853,23.885714285714286,0,38247
40,4000,68.83116883116884,352.86755622182,22.45,0,41748
40,4500,79.22077922077922,353.57199085041333,21.688888888888886,0,44629
40,5000,88.31168831168831,359.1761904292,21.48,0,47285
40,5500,98.7012987012987,355.92532374020186,20.200000000000003,66,50860
40,6000,100.0,357.46393098997,20.183333333333334,208,57793
40,6500,98.7012987012987,355.17477392499853,20.83076923076923,198,65293
40,7000,100.0,355.9102489674614,20.685714285714283,201,72793
40,7500,98.7012987012987,356.08498125686,20.706666666666667,199,80293
40,8000,100.0,359.2093973400537,21.65,209,87793
40,8500,100.0,356.2805191347341,21.24705882352941,208,95293
40,9000,100.0,358.5136395120844,22.255555555555556,209,102793
40,9500,100.0,356.2621837148789,21.989473684210527,211,110293
40,10000,100.0,357.48744776927504,21.82,205,117793
40,10500,100.0,355.48792246079336,21.590476190476192,211,125293
40,11000,100.0,357.8220303702972,22.318181818181817,200,132793
40,11500,100.0,355.58994352984604,21.88695652173913,205,140293
40,12000,100.0,359.41007995504344,22.6,212,147793
41,2000,31.16883116883117,359.94758134062,25.05,0,26538
41,2500,44.15584415584416,360.167217865388,24.8,0,31350
41,3000,54.54545454545454,357.15945773715663,24.133333333333333,0,35124
41,3500,62.33766233766234,360.4104411457086,24.285714285714285,0,38247
41,4000,67.53246753246754,355.66132851279247,23.225,0,41748
41,4500,80.51948051948052,359.3644392911533,23.133333333333333,0,44629
41,5000,87.01298701298701,356.937174143758,20.54,0,47285
41,5500,98.7012987012987,357.65238625305454,20.672727272727272,60,50860
41,6000,100.0,357.759725460395,19.983333333333334,201,57793
41,6500,100.0,356.4406752486693,20.76923076923077,209,65293
41,7000,100.0,358.35281125659145,20.9,206,72793
41,7500,100.0,360.12152375830664,21.4,209,80293
41,8000,100.0,360.16223112258496,21.4,212,87793
41,8500,100.0,357.8922425596153,22.129411764705882,213,95293
41,9000,100.0,356.14954763332224,20.78888888888889,204,102793
41,9500,100.0,359.30863223673896,22.28421052631579,206,110293
41,10000,100.0,358.781272695767,22.400000000000002,202,117793
41,10500,100.0,358.71917800265237,22.114285714285714,205,125293
41,11000,100.0,359.9606009701409,22.754545454545454,205,132793
41,11500,100.0,358.9887964224922,22.321739130434786,209,140293
41,12000,100.0,359.1499324547984,22.650000000000002,208,147793
42,2000,31.16883116883117,349.85630973464,24.099999999999998,0,26538
42,2500,44.15584415584416,356.741882238356,24.72,0,31350
42,3000,54.54545454545454,358.14375867445,23.966666666666665,0,35124
42,3500,62.33766233766234,353.96522667074,23.17142857142857,0,38247
42,4000,70.12987012987013,353.0145609013075,22.85,0,41748
42,4500,80.51948051948052,356.83191064608667,22.377777777777776,0,44629
42,5000,88.31168831168831,356.03868432847,21.240000000000002,0,47285
42,5500,98.7012987012987,357.78041236580907,20.345454545454544,61,50860
42,6000,100.0,358.7405639867599,19.883333333333333,209,57793
42,6500,100.0,357.68639775852773,20.200000000000003,206,65293
42,7000,100.0,359.9592640608729,21.357142857142858,204,72793
42,7500,100.0,360.8425235362013,21.426666666666666,208,80293
42,8000,100.0,356.88441510626626,21.099999999999998,206,87793
42,8500,100.0,359.9015713598223,22.294117647058822,210,95293
42,9000,100.0,357.94579938108336,21.566666666666666,207,102793
42,9500,100.0,356.726410100681,21.526315789473685,203,110293
42,10000,100.0,359.265577667495,22.009999999999998,201,117793
42,10500,100.0,356.99831840874,21.8,211,125293
42,11000,100.0,357.80653986210274,21.836363636363636,208,132793
42,11500,98.7012987012987,356.38379399657305,22.34782608695652,198,140293
42,12000,100.0,356.3129057807425,21.991666666666667,206,147793
43,2000,31.16883116883117,360.49880077958505,25.85,0,26538
43,2500,44.15584415584416,362.528496516692,24.72,0,31350
43,3000,54.54545454545454,356.0106007025567,23.599999999999998,0,35124
43,3500,62.33766233766234,359.4409014580743,24.942857142857143,0,38247
43,4000,70.12987012987013,357.7809339726275,23.150000000000002,0,41748
43,4500,80.51948051948052,358.9053519437867,22.6,0,44629
43,5000,88.31168831168831,358.386898933084,21.3,0,47285
43,5500,98.7012987012987,359.5198132342709,20.98181818181818,60,50860
43,6000,100.0,359.0667880111233,21.066666666666666,210,57793
43,6500,100.0,358.6898122039169,19.96923076923077,200,65293
43,7000,100.0,356.77738815861426,20.742857142857144,202,72793
43,7500,100.0,359.5346478511587,21.626666666666665,216,80293
43,8000,100.0,358.8035960939337,21.6625,210,87793
43,8500,100.0,362.0521162086553,22.717647058823527,214,95293
43,9000,100.0,360.7132748678489,22.555555555555557,202,102793
43,9500,100.0,358.0532493310158,21.926315789473687,212,110293
43,10000,98.7012987012987,359.151587858616,22.57,196,117793
43,10500,100.0,356.3763482498048,21.542857142857144,203,125293
43,11000,100.0,360.20035811135,22.827272727272728,203,132793
43,11500,98.7012987012987,359.5640272331574,22.678260869565218,199,140293
43,12000,100.0,361.43056876937834,23.108333333333334,205,147793
44,2000,31.16883116883117,363.38806738121497,25.7,0,26538
44,2500,44.15584415584416,360.412030595956,24.68,0,31350
44,3000,54.54545454545454,364.9063943169033,25.7,0,35124
44,3500,62.33766233766234,362.2495528163428,25.057142857142857,0,38247
44,4000,70.12987012987013,361.6646522698825,23.799999999999997,0,41748
44,4500,80.51948051948052,364.51608572199115,23.622222222222224,0,44629
44,5000,87.01298701298701,361.92354144473796,22.040000000000003,0,47285
44,5500,98.7012987012987,361.12263898362903,20.745454545454546,65,50860
44,6000,100.0,360.0888838992116,20.7,201,57793
44,6500,100.0,361.28342933962614,21.0,210,65293
44,7000,100.0,361.1136444439443,21.3,214,72793
44,7500,100.0,362.91718466012526,22.053333333333335,208,80293
44,8000,100.0,362.3340661332725,22.325,204,87793
44,8500,98.7012987012987,362.24878233729765,22.141176470588235,195,95293
44,9000,100.0,362.4384811319844,22.577777777777776,211,102793
44,9500,100.0,363.9823413226284,23.042105263157893,212,110293
44,10000,98.7012987012987,362.104039378192,22.78,196,117793
44,10500,100.0,362.48899452674283,22.704761904761906,213,125293
44,11000,100.0,361.34197015442726,22.927272727272726,204,132793
44,11500,100.0,361.18270929008,22.669565217391305,203,140293
44,12000,98.7012987012987,360.3621935013291,22.541666666666664,198,147793
45,2000,31.16883116883117,354.354188872725,25.0,0,26538
45,2500,44.15584415584416,359.95757517614004,24.6,0,31350
45,3000,54.54545454545454,356.97659562103,23.799999999999997,0,35124
45,3500,62.33766233766234,355.23021446606856,23.942857142857143,0,38247
45,4000,68.83116883116884,357.9055072075375,22.625,0,41748
45,4500,81.81818181818183,359.6829796133489,22.822222222222223,0,44629
45,5000,88.31168831168831,358.122469835846,21.02,0,47285
45,5500,97.40259740259741,356.8734474701054,19.963636363636365,62,50860
45,6000,100.0,358.0966626367734,20.283333333333335,210,57793
45,6500,100.0,361.73324014868615,20.676923076923075,216,65293
45,7000,100.0,358.35434952709994,20.985714285714284,204,72793
45,7500,100.0,358.249564234808,21.0,203,80293
45,8000,100.0,358.10290829151626,21.85,214,87793
45,8500,100.0,358.71950142288,21.941176470588236,209,95293
45,9000,100.0,358.3286699261122,22.011111111111113,206,102793
45,9500,100.0,357.72849422091053,21.778947368421054,213,110293
45,10000,100.0,358.43201145795996,21.93,202,117793
45,10500,100.0,358.3023131944095,21.876190476190477,210,125293
45,11000,100.0,358.5515511553454,22.354545454545455,205,132793
45,11500,100.0,360.32684669269474,22.53913043478261,204,140293
45,12000,100.0,358.41786831036256,22.666666666666664,206,147793
46,2000,29.87012987012987,355.467706832025,25.25,0,26538
46,2500,44.15584415584416,352.67083515973604,24.0,0,31350
46,3000,51.94805194805194,353.5522919136967,23.666666666666668,0,35124
46,3500,59.74025974025974,353.28195345818,22.82857142857143,0,38247
46,4000,70.12987012987013,355.87779304000503,21.975,0,41748
46,4500,77.92207792207793,354.3665202837445,22.288888888888888,0,44629
46,5000,88.31168831168831,356.38744941464,21.2,0,47285
46,5500,98.7012987012987,356.81468273746543,20.345454545454544,60,50860
46,6000,100.0,355.199509553425,20.016666666666666,203,57793
46,6500,100.0,354.8069714503492,20.861538461538462,205,65293
46,7000,100.0,355.40783011253285,20.771428571428572,203,72793
46,7500,100.0,355.43976095780533,21.12,207,80293
46,8000,98.7012987012987,356.80586236742874,21.2625,192,87793
46,8500,100.0,355.0106997306647,21.16470588235294,208,95293
46,9000,100.0,356.51031345478776,21.96666666666667,206,102793
46,9500,100.0,357.1628230335316,22.021052631578947,202,110293
46,10000,98.7012987012987,355.474620411854,21.82,189,117793
46,10500,100.0,353.9884247402829,21.43809523809524,206,125293
46,11000,100.0,354.7764504244746,21.490909090909092,203,132793
46,11500,100.0,355.2993180097113,22.278260869565216,208,140293
46,12000,100.0,354.96859298000584,22.308333333333334,205,147793
47,2000,32.467532467532465,361.701692318235,26.75,0,26538
47,2500,44.15584415584416,361.664811390288,24.44,0,31350
47,3000,54.54545454545454,356.7103389463734,23.633333333333333,0,35124
47,3500,62.33766233766234,354.89040897286577,23.485714285714284,0,38247
47,4000,68.83116883116884,359.3275074069625,24.175,0,41748
47,4500,81.81818181818183,358.2786126714645,23.066666666666666,0,44629
47,5000,88.31168831168831,357.206981543432,20.979999999999997,0,47285
47,5500,98.7012987012987,357.43559115040364,20.072727272727274,58,50860
47,6000,100.0,357.21468912496164,20.783333333333335,208,57793
47,6500,100.0,356.17839342488463,20.507692307692306,207,65293
47,7000,100.0,358.22070901350423,21.114285714285714,202,72793
47,7500,100.0,354.9052817032866,20.42666666666667,200,80293
47,8000,100.0,359.0647117975487,22.0125,209,87793
47,8500,100.0,356.44424571771646,21.341176470588234,202,95293
47,9000,100.0,359.1164051582511,22.288888888888888,206,102793
47,9500,100.0,358.4956318451495,22.126315789473683,209,110293
47,10000,100.0,357.40206612871697,21.959999999999997,202,117793
47,10500,100.0,356.2355441329943,21.8,204,125293
47,11000,100.0,358.1995287272273,22.509090909090908,208,132793
47,11500,98.7012987012987,358.0850176274295,22.452173913043477,199,140293
47,12000,100.0,358.3995925081275,22.958333333333332,206,147793
48,2000,31.16883116883117,357.24450542305004,23.45,0,26538
48,2500,44.15584415584416,360.942310089688,25.36,0,31350
48,3000,54.54545454545454,351.2049827345233,22.766666666666666,0,35124
48,3500,61.038961038961034,357.5325130849028,23.799999999999997,0,38247
48,4000,70.12987012987013,359.29828479747,23.775,0,41748
48,4500,79.22077922077922,356.0208756981422,22.022222222222222,0,44629
48,5000,88.31168831168831,355.467896779958,20.1,0,47285
48,5500,98.7012987012987,357.8004934949818,20.345454545454544,61,50860
48,6000,98.7012987012987,355.6661753408684,20.65,199,57793
48,6500,100.0,355.2400373118569,19.753846153846155,210,65293
48,7000,100.0,354.15947280616996,19.957142857142856,208,72793
48,7500,100.0,355.0912714951294,20.37333333333333,205,80293
48,8000,100.0,357.73403351551246,20.674999999999997,207,87793
48,8500,100.0,354.9125120726965,20.576470588235292,207,95293
48,9000,100.0,357.5063658652756,21.644444444444446,206,102793
48,9500,100.0,357.5246998811474,21.71578947368421,209,110293
48,10000,100.0,357.116431971543,21.94,201,117793
48,10500,100.0,354.8169826315162,21.714285714285715,201,125293
48,11000,100.0,356.86226343943366,22.327272727272724,201,132793
48,11500,100.0,357.44303104269216,22.57391304347826,205,140293
48,12000,100.0,357.55309166650164,22.2,211,147793
49,2000,31.16883116883117,356.987088588875,25.1,0,26538
49,2500,44.15584415584416,359.686920451564,23.68,0,31350
49,3000,53.246753246753244,352.93185697059334,22.900000000000002,0,35124
49,3500,61.038961038961034,354.4420492361771,22.62857142857143,0,38247
49,4000,68.83116883116884,354.42661097572,22.625,0,41748
49,4500,79.22077922077922,354.82869217326,21.844444444444445,0,44629
49,5000,87.01298701298701,354.762896511648,20.46,0,47285
49,5500,98.7012987012987,354.10301408177816,19.272727272727273,64,50860
49,6000,100.0,353.35977845005505,18.8,203,57793
49,6500,100.0,357.4040575550338,20.476923076923075,215,65293
49,7000,100.0,357.20389715388006,20.385714285714286,207,72793
49,7500,100.0,356.820397877944,21.36,209,80293
49,8000,100.0,358.889420507235,21.475,201,87793
49,8500,100.0,356.70555972205767,21.24705882352941,201,95293
49,9000,100.0,357.5127591575822,21.933333333333334,206,102793
49,9500,100.0,357.91171884407896,21.789473684210524,212,110293
49,10000,98.7012987012987,356.180598375329,21.48,198,117793
49,10500,100.0,356.1615154345219,22.314285714285713,208,125293
49,11000,100.0,355.45175005257005,21.418181818181818,211,132793
49,11500,100.0,355.7038178085461,21.878260869565217,211,140293
49,12000,100.0,356.74816362763164,22.333333333333332,206,147793
